,object_points,image_points
0,"[[ 0.  0.  0.]
 [ 1.  0.  0.]
 [ 2.  0.  0.]
 [ 3.  0.  0.]
 [ 4.  0.  0.]
 [ 5.  0.  0.]
 [ 6.  0.  0.]
 [ 7.  0.  0.]
 [ 8.  0.  0.]
 [ 0.  1.  0.]
 [ 1.  1.  0.]
 [ 2.  1.  0.]
 [ 3.  1.  0.]
 [ 4.  1.  0.]
 [ 5.  1.  0.]
 [ 6.  1.  0.]
 [ 7.  1.  0.]
 [ 8.  1.  0.]
 [ 0.  2.  0.]
 [ 1.  2.  0.]
 [ 2.  2.  0.]
 [ 3.  2.  0.]
 [ 4.  2.  0.]
 [ 5.  2.  0.]
 [ 6.  2.  0.]
 [ 7.  2.  0.]
 [ 8.  2.  0.]
 [ 0.  3.  0.]
 [ 1.  3.  0.]
 [ 2.  3.  0.]
 [ 3.  3.  0.]
 [ 4.  3.  0.]
 [ 5.  3.  0.]
 [ 6.  3.  0.]
 [ 7.  3.  0.]
 [ 8.  3.  0.]
 [ 0.  4.  0.]
 [ 1.  4.  0.]
 [ 2.  4.  0.]
 [ 3.  4.  0.]
 [ 4.  4.  0.]
 [ 5.  4.  0.]
 [ 6.  4.  0.]
 [ 7.  4.  0.]
 [ 8.  4.  0.]
 [ 0.  5.  0.]
 [ 1.  5.  0.]
 [ 2.  5.  0.]
 [ 3.  5.  0.]
 [ 4.  5.  0.]
 [ 5.  5.  0.]
 [ 6.  5.  0.]
 [ 7.  5.  0.]
 [ 8.  5.  0.]]","[[[ 409.          305.        ]]

 [[ 469.01373291  298.09555054]]

 [[ 535.76708984  298.42471313]]

 [[ 603.11889648  298.87542725]]

 [[ 670.06329346  299.47250366]]

 [[ 736.48028564  300.44873047]]

 [[ 802.4307251   301.18243408]]

 [[ 866.64080811  302.36407471]]

 [[ 930.13903809  303.81539917]]

 [[ 404.69158936  363.30722046]]

 [[ 470.06484985  363.4765625 ]]

 [[ 535.87731934  364.21691895]]

 [[ 602.66833496  364.68295288]]

 [[ 668.67749023  365.19326782]]

 [[ 734.40789795  365.41387939]]

 [[ 799.32025146  365.47607422]]

 [[ 862.99768066  366.03665161]]

 [[ 925.44372559  367.01281738]]

 [[ 407.04434204  426.74771118]]

 [[ 471.3458252   427.71066284]]

 [[ 536.43023682  428.52841187]]

 [[ 602.40551758  428.94268799]]

 [[ 667.63665771  429.42138672]]

 [[ 732.41363525  428.80270386]]

 [[ 796.79168701  428.76516724]]

 [[ 859.06811523  428.38891602]]

 [[ 920.95446777  428.52856445]]

 [[ 409.47616577  489.3765564 ]]

 [[ 473.02127075  490.07852173]]

 [[ 537.16540527  491.31652832]]

 [[ 601.97821045  492.03326416]]

 [[ 666.59979248  492.18484497]]

 [[ 730.54772949  491.5201416 ]]

 [[ 793.76776123  490.71060181]]

 [[ 855.40539551  489.51864624]]

 [[ 916.32165527  489.22689819]]

 [[ 412.32965088  549.35858154]]

 [[ 475.04766846  550.00878906]]

 [[ 537.84881592  551.47113037]]

 [[ 601.97705078  552.5302124 ]]

 [[ 665.44842529  552.50830078]]

 [[ 728.2857666   551.3963623 ]]

 [[ 790.65240479  549.89373779]]

 [[ 851.19525146  548.36907959]]

 [[ 911.35028076  547.54675293]]

 [[ 415.75930786  606.31396484]]

 [[ 477.28829956  608.25262451]]

 [[ 538.79602051  609.91394043]]

 [[ 601.71075439  610.46142578]]

 [[ 664.37774658  610.30340576]]

 [[ 725.95843506  608.56396484]]

 [[ 787.42480469  606.9979248 ]]

 [[ 846.91595459  604.83087158]]

 [[ 906.08453369  603.68896484]]]"
1,"[[ 0.  0.  0.]
 [ 1.  0.  0.]
 [ 2.  0.  0.]
 [ 3.  0.  0.]
 [ 4.  0.  0.]
 [ 5.  0.  0.]
 [ 6.  0.  0.]
 [ 7.  0.  0.]
 [ 8.  0.  0.]
 [ 0.  1.  0.]
 [ 1.  1.  0.]
 [ 2.  1.  0.]
 [ 3.  1.  0.]
 [ 4.  1.  0.]
 [ 5.  1.  0.]
 [ 6.  1.  0.]
 [ 7.  1.  0.]
 [ 8.  1.  0.]
 [ 0.  2.  0.]
 [ 1.  2.  0.]
 [ 2.  2.  0.]
 [ 3.  2.  0.]
 [ 4.  2.  0.]
 [ 5.  2.  0.]
 [ 6.  2.  0.]
 [ 7.  2.  0.]
 [ 8.  2.  0.]
 [ 0.  3.  0.]
 [ 1.  3.  0.]
 [ 2.  3.  0.]
 [ 3.  3.  0.]
 [ 4.  3.  0.]
 [ 5.  3.  0.]
 [ 6.  3.  0.]
 [ 7.  3.  0.]
 [ 8.  3.  0.]
 [ 0.  4.  0.]
 [ 1.  4.  0.]
 [ 2.  4.  0.]
 [ 3.  4.  0.]
 [ 4.  4.  0.]
 [ 5.  4.  0.]
 [ 6.  4.  0.]
 [ 7.  4.  0.]
 [ 8.  4.  0.]
 [ 0.  5.  0.]
 [ 1.  5.  0.]
 [ 2.  5.  0.]
 [ 3.  5.  0.]
 [ 4.  5.  0.]
 [ 5.  5.  0.]
 [ 6.  5.  0.]
 [ 7.  5.  0.]
 [ 8.  5.  0.]]","[[[  224.43092346    78.436203  ]]

 [[  319.51428223    74.21487427]]

 [[  421.4828186     70.77714539]]

 [[  524.48974609    70.75636292]]

 [[  625.84558105    70.84218597]]

 [[  729.51196289    71.51357269]]

 [[  830.59899902    75.96363831]]

 [[  927.90789795    78.63024902]]

 [[ 1022.02966309    84.68180847]]

 [[  205.50428772   160.35827637]]

 [[  307.03656006   155.89237976]]

 [[  411.68115234   151.83822632]]

 [[  518.58734131   150.41996765]]

 [[  627.54626465   148.61694336]]

 [[  735.53601074   152.78121948]]

 [[  841.90167236   156.35575867]]

 [[  943.6394043    159.96246338]]

 [[ 1041.45678711   163.5737915 ]]

 [[  187.18074036   248.13812256]]

 [[  292.53887939   244.10835266]]

 [[  401.88345337   243.3427124 ]]

 [[  516.87750244   240.51312256]]

 [[  629.69616699   240.25964355]]

 [[  743.01831055   242.47077942]]

 [[  853.51483154   245.93251038]]

 [[  959.71905518   247.19410706]]

 [[ 1062.39880371   248.30290222]]

 [[  170.26457214   347.8631897 ]]

 [[  279.37567139   346.22564697]]

 [[  394.22079468   343.8822937 ]]

 [[  512.25085449   342.42318726]]

 [[  632.57348633   340.49182129]]

 [[  750.90209961   341.75170898]]

 [[  866.1395874    342.94042969]]

 [[  977.23712158   343.3303833 ]]

 [[ 1083.27709961   343.99554443]]

 [[  151.59217834   452.97421265]]

 [[  266.44857788   453.67565918]]

 [[  385.71966553   453.7154541 ]]

 [[  510.6166687    453.69110107]]

 [[  634.74359131   450.65194702]]

 [[  758.08203125   450.82974243]]

 [[  878.87762451   450.8722229 ]]

 [[  993.76470947   449.01303101]]

 [[ 1103.22583008   446.76150513]]

 [[  134.44387817   567.63098145]]

 [[  253.5002594    570.71002197]]

 [[  379.33453369   573.60314941]]

 [[  508.37136841   572.18585205]]

 [[  637.87298584   571.57226562]]

 [[  765.96899414   569.51538086]]

 [[  891.38922119   566.77783203]]

 [[ 1011.30688477   562.41271973]]

 [[ 1123.5201416    557.47186279]]]"
2,"[[ 0.  0.  0.]
 [ 1.  0.  0.]
 [ 2.  0.  0.]
 [ 3.  0.  0.]
 [ 4.  0.  0.]
 [ 5.  0.  0.]
 [ 6.  0.  0.]
 [ 7.  0.  0.]
 [ 8.  0.  0.]
 [ 0.  1.  0.]
 [ 1.  1.  0.]
 [ 2.  1.  0.]
 [ 3.  1.  0.]
 [ 4.  1.  0.]
 [ 5.  1.  0.]
 [ 6.  1.  0.]
 [ 7.  1.  0.]
 [ 8.  1.  0.]
 [ 0.  2.  0.]
 [ 1.  2.  0.]
 [ 2.  2.  0.]
 [ 3.  2.  0.]
 [ 4.  2.  0.]
 [ 5.  2.  0.]
 [ 6.  2.  0.]
 [ 7.  2.  0.]
 [ 8.  2.  0.]
 [ 0.  3.  0.]
 [ 1.  3.  0.]
 [ 2.  3.  0.]
 [ 3.  3.  0.]
 [ 4.  3.  0.]
 [ 5.  3.  0.]
 [ 6.  3.  0.]
 [ 7.  3.  0.]
 [ 8.  3.  0.]
 [ 0.  4.  0.]
 [ 1.  4.  0.]
 [ 2.  4.  0.]
 [ 3.  4.  0.]
 [ 4.  4.  0.]
 [ 5.  4.  0.]
 [ 6.  4.  0.]
 [ 7.  4.  0.]
 [ 8.  4.  0.]
 [ 0.  5.  0.]
 [ 1.  5.  0.]
 [ 2.  5.  0.]
 [ 3.  5.  0.]
 [ 4.  5.  0.]
 [ 5.  5.  0.]
 [ 6.  5.  0.]
 [ 7.  5.  0.]
 [ 8.  5.  0.]]","[[[  926.02520752   304.22421265]]

 [[  966.92364502   307.03012085]]

 [[ 1005.94177246   310.47225952]]

 [[ 1042.99133301   313.42871094]]

 [[ 1077.81958008   317.68426514]]

 [[ 1111.50537109   318.59567261]]

 [[ 1142.32434082   322.81262207]]

 [[ 1172.01611328   325.04782104]]

 [[ 1199.75134277   327.80633545]]

 [[  924.5748291    361.41183472]]

 [[  966.29772949   361.465271  ]]

 [[ 1006.99938965   363.85818481]]

 [[ 1044.99365234   365.53189087]]

 [[ 1079.46020508   366.56210327]]

 [[ 1112.0637207    368.67526245]]

 [[ 1142.14807129   370.56112671]]

 [[ 1170.99609375   371.9604187 ]]

 [[ 1198.99853516   373.47409058]]

 [[  924.47045898   416.10818481]]

 [[  965.59899902   416.48138428]]

 [[ 1006.83703613   417.59783936]]

 [[ 1045.36938477   418.1178894 ]]

 [[ 1080.01635742   418.04632568]]

 [[ 1111.38549805   418.22802734]]

 [[ 1142.18188477   418.41958618]]

 [[ 1170.10620117   419.25588989]]

 [[ 1197.           419.5       ]]

 [[  922.42480469   472.53594971]]

 [[  965.94494629   472.4604187 ]]

 [[ 1005.39855957   470.50820923]]

 [[ 1044.13696289   472.32739258]]

 [[ 1080.46020508   470.36907959]]

 [[ 1111.39880371   469.02020264]]

 [[ 1141.52429199   466.60787964]]

 [[ 1168.40930176   466.91552734]]

 [[ 1196.64831543   464.69937134]]

 [[  922.50933838   529.76745605]]

 [[  963.63879395   527.20928955]]

 [[ 1004.72601318   526.02770996]]

 [[ 1044.58154297   523.87872314]]

 [[ 1078.43859863   521.27484131]]

 [[ 1110.21472168   516.35418701]]

 [[ 1139.95349121   515.51342773]]

 [[ 1168.01831055   513.20306396]]

 [[ 1195.4864502    512.26904297]]

 [[  918.15032959   585.57537842]]

 [[  962.97320557   582.21405029]]

 [[ 1004.58666992   580.2512207 ]]

 [[ 1042.54187012   573.44378662]]

 [[ 1076.94165039   571.03942871]]

 [[ 1107.45153809   568.49603271]]

 [[ 1138.16394043   563.57598877]]

 [[ 1165.98913574   559.45043945]]

 [[ 1193.42102051   555.60449219]]]"
3,"[[ 0.  0.  0.]
 [ 1.  0.  0.]
 [ 2.  0.  0.]
 [ 3.  0.  0.]
 [ 4.  0.  0.]
 [ 5.  0.  0.]
 [ 6.  0.  0.]
 [ 7.  0.  0.]
 [ 8.  0.  0.]
 [ 0.  1.  0.]
 [ 1.  1.  0.]
 [ 2.  1.  0.]
 [ 3.  1.  0.]
 [ 4.  1.  0.]
 [ 5.  1.  0.]
 [ 6.  1.  0.]
 [ 7.  1.  0.]
 [ 8.  1.  0.]
 [ 0.  2.  0.]
 [ 1.  2.  0.]
 [ 2.  2.  0.]
 [ 3.  2.  0.]
 [ 4.  2.  0.]
 [ 5.  2.  0.]
 [ 6.  2.  0.]
 [ 7.  2.  0.]
 [ 8.  2.  0.]
 [ 0.  3.  0.]
 [ 1.  3.  0.]
 [ 2.  3.  0.]
 [ 3.  3.  0.]
 [ 4.  3.  0.]
 [ 5.  3.  0.]
 [ 6.  3.  0.]
 [ 7.  3.  0.]
 [ 8.  3.  0.]
 [ 0.  4.  0.]
 [ 1.  4.  0.]
 [ 2.  4.  0.]
 [ 3.  4.  0.]
 [ 4.  4.  0.]
 [ 5.  4.  0.]
 [ 6.  4.  0.]
 [ 7.  4.  0.]
 [ 8.  4.  0.]
 [ 0.  5.  0.]
 [ 1.  5.  0.]
 [ 2.  5.  0.]
 [ 3.  5.  0.]
 [ 4.  5.  0.]
 [ 5.  5.  0.]
 [ 6.  5.  0.]
 [ 7.  5.  0.]
 [ 8.  5.  0.]]","[[[  88.68012238  138.39656067]]

 [[ 118.19762421  135.54641724]]

 [[ 148.45245361  132.91960144]]

 [[ 179.97180176  129.97438049]]

 [[ 212.89932251  127.25941467]]

 [[ 247.25619507  124.26048279]]

 [[ 285.0211792   121.58255768]]

 [[ 324.05621338  119.01951599]]

 [[ 364.38623047  116.22721863]]

 [[  88.73064423  182.54519653]]

 [[ 116.89599609  180.90119934]]

 [[ 145.67250061  178.90846252]]

 [[ 176.58157349  176.98922729]]

 [[ 208.92024231  175.12712097]]

 [[ 245.00039673  173.7481842 ]]

 [[ 283.14239502  172.38162231]]

 [[ 322.6053772   170.91586304]]

 [[ 363.08334351  169.53161621]]

 [[  87.51963043  226.79315186]]

 [[ 114.50706482  225.90541077]]

 [[ 143.55619812  225.17939758]]

 [[ 173.96673584  224.56864929]]

 [[ 207.35194397  223.78892517]]

 [[ 243.5236969   223.75682068]]

 [[ 281.29022217  223.01660156]]

 [[ 321.01431274  223.03767395]]

 [[ 361.64080811  222.63887024]]

 [[  86.15479279  271.4432373 ]]

 [[ 113.61327362  271.64141846]]

 [[ 141.921875    272.1151123 ]]

 [[ 172.66574097  272.35958862]]

 [[ 205.4395752   273.0579834 ]]

 [[ 241.36329651  273.65316772]]

 [[ 279.29516602  274.50009155]]

 [[ 319.44213867  275.47879028]]

 [[ 360.17425537  276.36669922]]

 [[  85.52827454  315.30349731]]

 [[ 113.5065918   316.85336304]]

 [[ 141.5372467   318.30142212]]

 [[ 171.55018616  320.00564575]]

 [[ 204.6443634   321.6312561 ]]

 [[ 240.61459351  323.50802612]]

 [[ 278.7600708   325.56610107]]

 [[ 318.67483521  327.41891479]]

 [[ 359.25244141  329.96762085]]

 [[  86.59199524  359.4069519 ]]

 [[ 113.35665894  361.97994995]]

 [[ 140.60939026  364.69192505]]

 [[ 171.80332947  367.16201782]]

 [[ 204.48985291  370.27212524]]

 [[ 240.46090698  372.96347046]]

 [[ 278.5925293   376.06866455]]

 [[ 318.34963989  379.2460022 ]]

 [[ 358.51394653  382.97247314]]]"
4,"[[ 0.  0.  0.]
 [ 1.  0.  0.]
 [ 2.  0.  0.]
 [ 3.  0.  0.]
 [ 4.  0.  0.]
 [ 5.  0.  0.]
 [ 6.  0.  0.]
 [ 7.  0.  0.]
 [ 8.  0.  0.]
 [ 0.  1.  0.]
 [ 1.  1.  0.]
 [ 2.  1.  0.]
 [ 3.  1.  0.]
 [ 4.  1.  0.]
 [ 5.  1.  0.]
 [ 6.  1.  0.]
 [ 7.  1.  0.]
 [ 8.  1.  0.]
 [ 0.  2.  0.]
 [ 1.  2.  0.]
 [ 2.  2.  0.]
 [ 3.  2.  0.]
 [ 4.  2.  0.]
 [ 5.  2.  0.]
 [ 6.  2.  0.]
 [ 7.  2.  0.]
 [ 8.  2.  0.]
 [ 0.  3.  0.]
 [ 1.  3.  0.]
 [ 2.  3.  0.]
 [ 3.  3.  0.]
 [ 4.  3.  0.]
 [ 5.  3.  0.]
 [ 6.  3.  0.]
 [ 7.  3.  0.]
 [ 8.  3.  0.]
 [ 0.  4.  0.]
 [ 1.  4.  0.]
 [ 2.  4.  0.]
 [ 3.  4.  0.]
 [ 4.  4.  0.]
 [ 5.  4.  0.]
 [ 6.  4.  0.]
 [ 7.  4.  0.]
 [ 8.  4.  0.]
 [ 0.  5.  0.]
 [ 1.  5.  0.]
 [ 2.  5.  0.]
 [ 3.  5.  0.]
 [ 4.  5.  0.]
 [ 5.  5.  0.]
 [ 6.  5.  0.]
 [ 7.  5.  0.]
 [ 8.  5.  0.]]","[[[  658.30029297   203.32369995]]

 [[  700.48858643   200.48181152]]

 [[  746.42211914   196.44680786]]

 [[  793.72180176   191.65609741]]

 [[  844.96002197   187.65228271]]

 [[  896.31445312   183.89489746]]

 [[  953.31976318   179.99517822]]

 [[ 1008.88568115   176.30918884]]

 [[ 1070.85205078   171.59388733]]

 [[  657.42419434   255.6640625 ]]

 [[  700.49932861   255.38845825]]

 [[  746.0012207    251.61642456]]

 [[  792.4543457    249.80961609]]

 [[  842.58709717   245.87684631]]

 [[  898.390625     242.64318848]]

 [[  954.37030029   242.47875977]]

 [[ 1009.12805176   240.35762024]]

 [[ 1069.71704102   235.72288513]]

 [[  658.5          309.5       ]]

 [[  701.67572021   309.31356812]]

 [[  746.51251221   305.22802734]]

 [[  793.52880859   306.49682617]]

 [[  842.62042236   305.45013428]]

 [[  896.59649658   301.47579956]]

 [[  954.10870361   302.27261353]]

 [[ 1013.21917725   302.53924561]]

 [[ 1072.75195312   300.72302246]]

 [[  659.79724121   363.53848267]]

 [[  702.16308594   362.24926758]]

 [[  746.62329102   363.41445923]]

 [[  794.23883057   361.52160645]]

 [[  844.49505615   364.29653931]]

 [[  897.06677246   363.62063599]]

 [[  951.02618408   363.26312256]]

 [[ 1010.35131836   366.58435059]]

 [[ 1070.51416016   364.53866577]]

 [[  660.07666016   413.05752563]]

 [[  700.80767822   414.50512695]]

 [[  744.34710693   418.83584595]]

 [[  793.66552734   421.37661743]]

 [[  844.277771     420.45428467]]

 [[  897.88763428   425.35897827]]

 [[  951.56549072   427.959198  ]]

 [[ 1010.77386475   426.67294312]]

 [[ 1071.99377441   429.39920044]]

 [[  659.5          466.        ]]

 [[  702.51293945   468.21780396]]

 [[  745.           473.5       ]]

 [[  793.21014404   475.66140747]]

 [[  841.4196167    478.878479  ]]

 [[  896.           483.        ]]

 [[  951.58203125   485.74703979]]

 [[ 1009.32049561   491.51223755]]

 [[ 1071.27758789   496.41860962]]]"
5,"[[ 0.  0.  0.]
 [ 1.  0.  0.]
 [ 2.  0.  0.]
 [ 3.  0.  0.]
 [ 4.  0.  0.]
 [ 5.  0.  0.]
 [ 6.  0.  0.]
 [ 7.  0.  0.]
 [ 8.  0.  0.]
 [ 0.  1.  0.]
 [ 1.  1.  0.]
 [ 2.  1.  0.]
 [ 3.  1.  0.]
 [ 4.  1.  0.]
 [ 5.  1.  0.]
 [ 6.  1.  0.]
 [ 7.  1.  0.]
 [ 8.  1.  0.]
 [ 0.  2.  0.]
 [ 1.  2.  0.]
 [ 2.  2.  0.]
 [ 3.  2.  0.]
 [ 4.  2.  0.]
 [ 5.  2.  0.]
 [ 6.  2.  0.]
 [ 7.  2.  0.]
 [ 8.  2.  0.]
 [ 0.  3.  0.]
 [ 1.  3.  0.]
 [ 2.  3.  0.]
 [ 3.  3.  0.]
 [ 4.  3.  0.]
 [ 5.  3.  0.]
 [ 6.  3.  0.]
 [ 7.  3.  0.]
 [ 8.  3.  0.]
 [ 0.  4.  0.]
 [ 1.  4.  0.]
 [ 2.  4.  0.]
 [ 3.  4.  0.]
 [ 4.  4.  0.]
 [ 5.  4.  0.]
 [ 6.  4.  0.]
 [ 7.  4.  0.]
 [ 8.  4.  0.]
 [ 0.  5.  0.]
 [ 1.  5.  0.]
 [ 2.  5.  0.]
 [ 3.  5.  0.]
 [ 4.  5.  0.]
 [ 5.  5.  0.]
 [ 6.  5.  0.]
 [ 7.  5.  0.]
 [ 8.  5.  0.]]","[[[  960.74981689   146.85757446]]

 [[  996.93811035   152.53503418]]

 [[ 1031.76367188   158.03421021]]

 [[ 1065.26745605   163.19161987]]

 [[ 1096.7623291    168.26942444]]

 [[ 1127.02893066   173.05386353]]

 [[ 1154.45593262   177.95825195]]

 [[ 1180.44519043   182.46582031]]

 [[ 1205.77294922   187.03761292]]

 [[  958.70263672   200.33714294]]

 [[  996.45001221   204.41668701]]

 [[ 1032.84619141   208.32373047]]

 [[ 1066.87426758   212.20567322]]

 [[ 1098.75073242   215.7961731 ]]

 [[ 1127.04199219   219.67971802]]

 [[ 1154.24523926   223.30775452]]

 [[ 1179.97644043   226.81596375]]

 [[ 1204.99584961   229.93336487]]

 [[  958.74505615   253.70410156]]

 [[  997.38018799   256.39111328]]

 [[ 1033.15881348   258.87689209]]

 [[ 1067.57092285   261.30545044]]

 [[ 1098.89306641   263.86129761]]

 [[ 1126.9206543    266.45367432]]

 [[ 1154.07751465   268.83755493]]

 [[ 1179.39465332   271.26080322]]

 [[ 1204.42285156   273.25369263]]

 [[  958.42370605   307.85269165]]

 [[  996.6652832    309.02392578]]

 [[ 1032.82055664   310.20120239]]

 [[ 1067.23205566   311.46661377]]

 [[ 1098.68444824   312.41583252]]

 [[ 1126.92102051   313.5866394 ]]

 [[ 1154.19555664   314.84286499]]

 [[ 1178.79382324   316.00057983]]

 [[ 1203.79040527   316.99899292]]

 [[  957.65948486   361.51651001]]

 [[  995.17541504   361.28683472]]

 [[ 1032.04931641   361.00369263]]

 [[ 1066.73217773   360.9380188 ]]

 [[ 1097.86218262   360.70211792]]

 [[ 1126.11975098   360.58340454]]

 [[ 1152.36743164   360.53500366]]

 [[ 1177.3536377    360.47897339]]

 [[ 1202.49890137   360.40032959]]

 [[  955.29064941   414.70077515]]

 [[  994.06896973   413.51437378]]

 [[ 1031.28283691   411.8163147 ]]

 [[ 1064.75744629   410.38153076]]

 [[ 1096.52001953   408.90213013]]

 [[ 1124.20251465   407.21990967]]

 [[ 1150.82458496   405.98983765]]

 [[ 1175.81884766   404.67526245]]

 [[ 1200.98901367   403.58590698]]]"
6,"[[ 0.  0.  0.]
 [ 1.  0.  0.]
 [ 2.  0.  0.]
 [ 3.  0.  0.]
 [ 4.  0.  0.]
 [ 5.  0.  0.]
 [ 6.  0.  0.]
 [ 7.  0.  0.]
 [ 8.  0.  0.]
 [ 0.  1.  0.]
 [ 1.  1.  0.]
 [ 2.  1.  0.]
 [ 3.  1.  0.]
 [ 4.  1.  0.]
 [ 5.  1.  0.]
 [ 6.  1.  0.]
 [ 7.  1.  0.]
 [ 8.  1.  0.]
 [ 0.  2.  0.]
 [ 1.  2.  0.]
 [ 2.  2.  0.]
 [ 3.  2.  0.]
 [ 4.  2.  0.]
 [ 5.  2.  0.]
 [ 6.  2.  0.]
 [ 7.  2.  0.]
 [ 8.  2.  0.]
 [ 0.  3.  0.]
 [ 1.  3.  0.]
 [ 2.  3.  0.]
 [ 3.  3.  0.]
 [ 4.  3.  0.]
 [ 5.  3.  0.]
 [ 6.  3.  0.]
 [ 7.  3.  0.]
 [ 8.  3.  0.]
 [ 0.  4.  0.]
 [ 1.  4.  0.]
 [ 2.  4.  0.]
 [ 3.  4.  0.]
 [ 4.  4.  0.]
 [ 5.  4.  0.]
 [ 6.  4.  0.]
 [ 7.  4.  0.]
 [ 8.  4.  0.]
 [ 0.  5.  0.]
 [ 1.  5.  0.]
 [ 2.  5.  0.]
 [ 3.  5.  0.]
 [ 4.  5.  0.]
 [ 5.  5.  0.]
 [ 6.  5.  0.]
 [ 7.  5.  0.]
 [ 8.  5.  0.]]","[[[ 622.59265137  147.06881714]]

 [[ 661.09942627  162.3087616 ]]

 [[ 697.16430664  177.31686401]]

 [[ 731.43341064  191.54307556]]

 [[ 763.58007812  205.2311554 ]]

 [[ 793.96057129  218.34494019]]

 [[ 822.22521973  230.58702087]]

 [[ 849.57891846  242.73017883]]

 [[ 874.94610596  253.94570923]]

 [[ 619.67712402  195.31033325]]

 [[ 658.80102539  209.67843628]]

 [[ 696.31774902  223.31471252]]

 [[ 731.36053467  236.34664917]]

 [[ 763.24615479  249.07743835]]

 [[ 793.24621582  261.39239502]]

 [[ 821.71374512  273.08557129]]

 [[ 849.02954102  283.8565979 ]]

 [[ 875.22930908  294.35998535]]

 [[ 618.07208252  244.72633362]]

 [[ 657.84088135  257.97537231]]

 [[ 694.76904297  270.6835022 ]]

 [[ 730.31896973  282.52191162]]

 [[ 762.52996826  294.46716309]]

 [[ 792.21124268  305.56939697]]

 [[ 821.4364624   315.80599976]]

 [[ 849.40863037  325.71688843]]

 [[ 876.23126221  335.05993652]]

 [[ 614.55688477  296.57418823]]

 [[ 654.62316895  308.61352539]]

 [[ 692.54138184  319.84655762]]

 [[ 728.67852783  330.52746582]]

 [[ 762.16046143  341.02310181]]

 [[ 791.93774414  350.70523071]]

 [[ 821.49493408  360.32769775]]

 [[ 849.2723999   368.75888062]]

 [[ 876.51867676  377.11972046]]

 [[ 611.94799805  349.26046753]]

 [[ 652.68487549  359.69769287]]

 [[ 690.3994751   369.7170105 ]]

 [[ 726.66400146  379.28460693]]

 [[ 760.96588135  387.98718262]]

 [[ 791.65441895  396.68118286]]

 [[ 820.82305908  404.88439941]]

 [[ 848.83148193  412.50408936]]

 [[ 875.95654297  419.50714111]]

 [[ 610.16601562  402.71514893]]

 [[ 650.47613525  412.0378418 ]]

 [[ 688.1083374   420.69204712]]

 [[ 724.29162598  428.66668701]]

 [[ 759.4118042   436.3192749 ]]

 [[ 790.40124512  443.35418701]]

 [[ 820.39160156  450.35305786]]

 [[ 848.67449951  456.62036133]]

 [[ 876.06970215  462.72412109]]]"
7,"[[ 0.  0.  0.]
 [ 1.  0.  0.]
 [ 2.  0.  0.]
 [ 3.  0.  0.]
 [ 4.  0.  0.]
 [ 5.  0.  0.]
 [ 6.  0.  0.]
 [ 7.  0.  0.]
 [ 8.  0.  0.]
 [ 0.  1.  0.]
 [ 1.  1.  0.]
 [ 2.  1.  0.]
 [ 3.  1.  0.]
 [ 4.  1.  0.]
 [ 5.  1.  0.]
 [ 6.  1.  0.]
 [ 7.  1.  0.]
 [ 8.  1.  0.]
 [ 0.  2.  0.]
 [ 1.  2.  0.]
 [ 2.  2.  0.]
 [ 3.  2.  0.]
 [ 4.  2.  0.]
 [ 5.  2.  0.]
 [ 6.  2.  0.]
 [ 7.  2.  0.]
 [ 8.  2.  0.]
 [ 0.  3.  0.]
 [ 1.  3.  0.]
 [ 2.  3.  0.]
 [ 3.  3.  0.]
 [ 4.  3.  0.]
 [ 5.  3.  0.]
 [ 6.  3.  0.]
 [ 7.  3.  0.]
 [ 8.  3.  0.]
 [ 0.  4.  0.]
 [ 1.  4.  0.]
 [ 2.  4.  0.]
 [ 3.  4.  0.]
 [ 4.  4.  0.]
 [ 5.  4.  0.]
 [ 6.  4.  0.]
 [ 7.  4.  0.]
 [ 8.  4.  0.]
 [ 0.  5.  0.]
 [ 1.  5.  0.]
 [ 2.  5.  0.]
 [ 3.  5.  0.]
 [ 4.  5.  0.]
 [ 5.  5.  0.]
 [ 6.  5.  0.]
 [ 7.  5.  0.]
 [ 8.  5.  0.]]","[[[ 483.04464722  241.91763306]]

 [[ 519.86444092  241.27952576]]

 [[ 557.00561523  241.03135681]]

 [[ 594.67614746  239.85266113]]

 [[ 632.59197998  239.90635681]]

 [[ 670.14971924  239.4471283 ]]

 [[ 707.95056152  239.05683899]]

 [[ 746.02636719  239.04522705]]

 [[ 784.00915527  238.9763031 ]]

 [[ 483.08944702  279.34259033]]

 [[ 520.02386475  278.97488403]]

 [[ 557.05718994  278.02255249]]

 [[ 595.05566406  277.97116089]]

 [[ 632.77612305  276.77426147]]

 [[ 670.10308838  277.21337891]]

 [[ 709.02044678  276.99630737]]

 [[ 746.59197998  276.96188354]]

 [[ 784.00463867  276.97421265]]

 [[ 483.07324219  316.65371704]]

 [[ 520.16522217  316.13064575]]

 [[ 556.9208374   316.00576782]]

 [[ 595.06933594  315.27087402]]

 [[ 632.94805908  315.03897095]]

 [[ 670.9319458   315.02761841]]

 [[ 709.16827393  314.86633301]]

 [[ 746.8972168   314.62527466]]

 [[ 784.57403564  314.34884644]]

 [[ 482.79989624  354.31323242]]

 [[ 519.82641602  354.17340088]]

 [[ 557.24914551  353.82489014]]

 [[ 595.24609375  352.97814941]]

 [[ 633.16571045  353.12316895]]

 [[ 671.0423584   352.97515869]]

 [[ 708.99981689  352.90036011]]

 [[ 747.15020752  352.79788208]]

 [[ 784.98474121  352.58676147]]

 [[ 483.15777588  392.07272339]]

 [[ 520.41864014  391.90289307]]

 [[ 557.89434814  391.24761963]]

 [[ 595.93762207  390.85397339]]

 [[ 633.06268311  391.15014648]]

 [[ 671.01715088  390.76992798]]

 [[ 709.41003418  390.87670898]]

 [[ 747.11761475  390.4836731 ]]

 [[ 784.87054443  390.31445312]]

 [[ 483.828125    429.15634155]]

 [[ 520.97161865  428.97619629]]

 [[ 558.05999756  428.93408203]]

 [[ 596.07159424  429.05532837]]

 [[ 633.96685791  428.99508667]]

 [[ 671.89086914  428.87298584]]

 [[ 710.14318848  428.5690918 ]]

 [[ 747.67071533  428.30322266]]

 [[ 785.52996826  428.06484985]]]"
8,"[[ 0.  0.  0.]
 [ 1.  0.  0.]
 [ 2.  0.  0.]
 [ 3.  0.  0.]
 [ 4.  0.  0.]
 [ 5.  0.  0.]
 [ 6.  0.  0.]
 [ 7.  0.  0.]
 [ 8.  0.  0.]
 [ 0.  1.  0.]
 [ 1.  1.  0.]
 [ 2.  1.  0.]
 [ 3.  1.  0.]
 [ 4.  1.  0.]
 [ 5.  1.  0.]
 [ 6.  1.  0.]
 [ 7.  1.  0.]
 [ 8.  1.  0.]
 [ 0.  2.  0.]
 [ 1.  2.  0.]
 [ 2.  2.  0.]
 [ 3.  2.  0.]
 [ 4.  2.  0.]
 [ 5.  2.  0.]
 [ 6.  2.  0.]
 [ 7.  2.  0.]
 [ 8.  2.  0.]
 [ 0.  3.  0.]
 [ 1.  3.  0.]
 [ 2.  3.  0.]
 [ 3.  3.  0.]
 [ 4.  3.  0.]
 [ 5.  3.  0.]
 [ 6.  3.  0.]
 [ 7.  3.  0.]
 [ 8.  3.  0.]
 [ 0.  4.  0.]
 [ 1.  4.  0.]
 [ 2.  4.  0.]
 [ 3.  4.  0.]
 [ 4.  4.  0.]
 [ 5.  4.  0.]
 [ 6.  4.  0.]
 [ 7.  4.  0.]
 [ 8.  4.  0.]
 [ 0.  5.  0.]
 [ 1.  5.  0.]
 [ 2.  5.  0.]
 [ 3.  5.  0.]
 [ 4.  5.  0.]
 [ 5.  5.  0.]
 [ 6.  5.  0.]
 [ 7.  5.  0.]
 [ 8.  5.  0.]]","[[[  82.10146332  365.12460327]]

 [[ 110.74533081  364.45300293]]

 [[ 140.17654419  363.52236938]]

 [[ 170.91552734  362.73532104]]

 [[ 203.13902283  361.7772522 ]]

 [[ 236.4095459   360.89346313]]

 [[ 273.29800415  360.23306274]]

 [[ 311.11419678  359.32974243]]

 [[ 350.2901001   358.5670166 ]]

 [[  83.73790741  408.67483521]]

 [[ 111.00486755  409.02050781]]

 [[ 139.29270935  409.25558472]]

 [[ 169.51217651  409.32925415]]

 [[ 200.99452209  409.47698975]]

 [[ 236.35493469  409.74121094]]

 [[ 273.3656311   410.20477295]]

 [[ 311.63418579  410.55899048]]

 [[ 351.27859497  411.08444214]]

 [[  83.56084442  452.03512573]]

 [[ 110.28710938  453.4045105 ]]

 [[ 138.84875488  454.58901978]]

 [[ 168.84672546  455.89028931]]

 [[ 200.94026184  457.29342651]]

 [[ 236.66763306  458.63015747]]

 [[ 273.34509277  459.9402771 ]]

 [[ 312.3302002   461.65097046]]

 [[ 351.77206421  462.97283936]]

 [[  84.22997284  495.80145264]]

 [[ 111.184021    497.98635864]]

 [[ 139.16389465  500.28707886]]

 [[ 169.28691101  502.9704895 ]]

 [[ 201.42208862  505.33944702]]

 [[ 236.41278076  507.71273804]]

 [[ 273.60574341  510.31796265]]

 [[ 312.86801147  512.72161865]]

 [[ 352.35742188  515.58282471]]

 [[  85.1823349   539.18493652]]

 [[ 112.65409088  541.92095947]]

 [[ 140.43745422  545.62939453]]

 [[ 169.9949646   549.17266846]]

 [[ 202.442276    552.81884766]]

 [[ 237.4037323   556.34643555]]

 [[ 275.01672363  559.57458496]]

 [[ 314.06570435  563.32623291]]

 [[ 353.4836731   567.23461914]]

 [[  87.6765976   581.82354736]]

 [[ 114.07724762  586.01251221]]

 [[ 141.05874634  590.54998779]]

 [[ 171.80046082  595.11761475]]

 [[ 203.82044983  599.56359863]]

 [[ 239.41642761  603.98706055]]

 [[ 276.72415161  608.69317627]]

 [[ 315.54345703  613.25720215]]

 [[ 354.81344604  618.35473633]]]"
9,"[[ 0.  0.  0.]
 [ 1.  0.  0.]
 [ 2.  0.  0.]
 [ 3.  0.  0.]
 [ 4.  0.  0.]
 [ 5.  0.  0.]
 [ 6.  0.  0.]
 [ 7.  0.  0.]
 [ 8.  0.  0.]
 [ 0.  1.  0.]
 [ 1.  1.  0.]
 [ 2.  1.  0.]
 [ 3.  1.  0.]
 [ 4.  1.  0.]
 [ 5.  1.  0.]
 [ 6.  1.  0.]
 [ 7.  1.  0.]
 [ 8.  1.  0.]
 [ 0.  2.  0.]
 [ 1.  2.  0.]
 [ 2.  2.  0.]
 [ 3.  2.  0.]
 [ 4.  2.  0.]
 [ 5.  2.  0.]
 [ 6.  2.  0.]
 [ 7.  2.  0.]
 [ 8.  2.  0.]
 [ 0.  3.  0.]
 [ 1.  3.  0.]
 [ 2.  3.  0.]
 [ 3.  3.  0.]
 [ 4.  3.  0.]
 [ 5.  3.  0.]
 [ 6.  3.  0.]
 [ 7.  3.  0.]
 [ 8.  3.  0.]
 [ 0.  4.  0.]
 [ 1.  4.  0.]
 [ 2.  4.  0.]
 [ 3.  4.  0.]
 [ 4.  4.  0.]
 [ 5.  4.  0.]
 [ 6.  4.  0.]
 [ 7.  4.  0.]
 [ 8.  4.  0.]
 [ 0.  5.  0.]
 [ 1.  5.  0.]
 [ 2.  5.  0.]
 [ 3.  5.  0.]
 [ 4.  5.  0.]
 [ 5.  5.  0.]
 [ 6.  5.  0.]
 [ 7.  5.  0.]
 [ 8.  5.  0.]]","[[[ 437.63446045  125.29032135]]

 [[ 500.79937744  124.53903198]]

 [[ 564.22692871  123.68744659]]

 [[ 627.9152832   123.87757111]]

 [[ 691.32263184  124.20347595]]

 [[ 754.00860596  125.10709381]]

 [[ 816.57391357  125.97413635]]

 [[ 877.4753418   127.67472839]]

 [[ 937.37390137  130.02090454]]

 [[ 438.73245239  188.27827454]]

 [[ 501.22937012  187.74057007]]

 [[ 564.19934082  186.96199036]]

 [[ 628.12207031  186.52629089]]

 [[ 691.10784912  187.18855286]]

 [[ 753.64434814  187.40591431]]

 [[ 815.56518555  188.30130005]]

 [[ 876.26623535  189.34039307]]

 [[ 935.83911133  191.17219543]]

 [[ 439.96432495  250.80543518]]

 [[ 501.64199829  250.56407166]]

 [[ 565.159729    249.66007996]]

 [[ 627.73284912  249.8162384 ]]

 [[ 691.42504883  249.16445923]]

 [[ 753.37335205  249.42277527]]

 [[ 814.66223145  250.42729187]]

 [[ 874.87969971  250.54348755]]

 [[ 934.19128418  252.02284241]]

 [[ 441.29882812  313.58065796]]

 [[ 503.08770752  312.82363892]]

 [[ 565.34576416  312.92108154]]

 [[ 628.25238037  312.41577148]]

 [[ 690.7454834   312.10617065]]

 [[ 752.54980469  312.30337524]]

 [[ 813.72692871  311.95968628]]

 [[ 873.44555664  312.26300049]]

 [[ 932.01916504  312.62747192]]

 [[ 443.15539551  374.5748291 ]]

 [[ 504.91870117  374.10394287]]

 [[ 566.02270508  374.05990601]]

 [[ 628.44995117  374.22601318]]

 [[ 690.434021    373.82803345]]

 [[ 751.73529053  373.1131897 ]]

 [[ 812.08551025  372.78918457]]

 [[ 871.0335083   372.29980469]]

 [[ 929.80615234  372.05770874]]

 [[ 449.          431.        ]]

 [[ 506.42623901  434.46438599]]

 [[ 566.46600342  434.99865723]]

 [[ 628.6427002   434.45956421]]

 [[ 690.05236816  434.25546265]]

 [[ 750.45196533  433.34384155]]

 [[ 810.47302246  432.32556152]]

 [[ 869.02929688  430.9616394 ]]

 [[ 926.9977417   430.60180664]]]"
10,"[[ 0.  0.  0.]
 [ 1.  0.  0.]
 [ 2.  0.  0.]
 [ 3.  0.  0.]
 [ 4.  0.  0.]
 [ 5.  0.  0.]
 [ 6.  0.  0.]
 [ 7.  0.  0.]
 [ 8.  0.  0.]
 [ 0.  1.  0.]
 [ 1.  1.  0.]
 [ 2.  1.  0.]
 [ 3.  1.  0.]
 [ 4.  1.  0.]
 [ 5.  1.  0.]
 [ 6.  1.  0.]
 [ 7.  1.  0.]
 [ 8.  1.  0.]
 [ 0.  2.  0.]
 [ 1.  2.  0.]
 [ 2.  2.  0.]
 [ 3.  2.  0.]
 [ 4.  2.  0.]
 [ 5.  2.  0.]
 [ 6.  2.  0.]
 [ 7.  2.  0.]
 [ 8.  2.  0.]
 [ 0.  3.  0.]
 [ 1.  3.  0.]
 [ 2.  3.  0.]
 [ 3.  3.  0.]
 [ 4.  3.  0.]
 [ 5.  3.  0.]
 [ 6.  3.  0.]
 [ 7.  3.  0.]
 [ 8.  3.  0.]
 [ 0.  4.  0.]
 [ 1.  4.  0.]
 [ 2.  4.  0.]
 [ 3.  4.  0.]
 [ 4.  4.  0.]
 [ 5.  4.  0.]
 [ 6.  4.  0.]
 [ 7.  4.  0.]
 [ 8.  4.  0.]
 [ 0.  5.  0.]
 [ 1.  5.  0.]
 [ 2.  5.  0.]
 [ 3.  5.  0.]
 [ 4.  5.  0.]
 [ 5.  5.  0.]
 [ 6.  5.  0.]
 [ 7.  5.  0.]
 [ 8.  5.  0.]]","[[[ 545.32281494  343.05032349]]

 [[ 602.67919922  342.82681274]]

 [[ 660.09796143  341.28921509]]

 [[ 715.83911133  340.73129272]]

 [[ 770.56072998  339.98654175]]

 [[ 823.46490479  339.20251465]]

 [[ 874.27630615  338.48022461]]

 [[ 925.06335449  337.35388184]]

 [[ 972.56884766  336.60717773]]

 [[ 542.59509277  393.76373291]]

 [[ 600.19744873  392.54690552]]

 [[ 655.3460083   392.10684204]]

 [[ 711.13751221  390.68212891]]

 [[ 763.534729    388.46170044]]

 [[ 815.56463623  387.05966187]]

 [[ 866.3972168   385.45394897]]

 [[ 913.71691895  384.51980591]]

 [[ 961.51293945  382.39074707]]

 [[ 541.29772949  443.60562134]]

 [[ 597.05865479  441.94219971]]

 [[ 650.73400879  440.41171265]]

 [[ 704.78216553  437.89492798]]

 [[ 757.32250977  435.96392822]]

 [[ 807.64978027  432.84555054]]

 [[ 857.40576172  430.87530518]]

 [[ 904.79760742  428.80099487]]

 [[ 952.22149658  427.81246948]]

 [[ 540.046875    488.91809082]]

 [[ 594.35650635  486.35437012]]

 [[ 646.68823242  484.7767334 ]]

 [[ 700.29614258  482.71136475]]

 [[ 751.23162842  480.91732788]]

 [[ 799.66522217  478.36010742]]

 [[ 849.14562988  474.87670898]]

 [[ 896.90692139  471.62384033]]

 [[ 941.5458374   470.22018433]]

 [[ 537.83856201  533.41918945]]

 [[ 591.66381836  530.99920654]]

 [[ 642.8324585   528.61975098]]

 [[ 695.10662842  525.85388184]]

 [[ 744.01263428  524.40911865]]

 [[ 792.90625     520.29412842]]

 [[ 840.77612305  516.37567139]]

 [[ 886.5703125   512.72052002]]

 [[ 932.06237793  511.24145508]]

 [[ 538.43945312  575.45452881]]

 [[ 589.07757568  571.80249023]]

 [[ 639.23388672  568.65698242]]

 [[ 688.67059326  566.30810547]]

 [[ 738.86199951  563.62945557]]

 [[ 786.34265137  559.97180176]]

 [[ 833.01409912  556.09069824]]

 [[ 878.68829346  552.73303223]]

 [[ 922.82720947  549.92810059]]]"
11,"[[ 0.  0.  0.]
 [ 1.  0.  0.]
 [ 2.  0.  0.]
 [ 3.  0.  0.]
 [ 4.  0.  0.]
 [ 5.  0.  0.]
 [ 6.  0.  0.]
 [ 7.  0.  0.]
 [ 8.  0.  0.]
 [ 0.  1.  0.]
 [ 1.  1.  0.]
 [ 2.  1.  0.]
 [ 3.  1.  0.]
 [ 4.  1.  0.]
 [ 5.  1.  0.]
 [ 6.  1.  0.]
 [ 7.  1.  0.]
 [ 8.  1.  0.]
 [ 0.  2.  0.]
 [ 1.  2.  0.]
 [ 2.  2.  0.]
 [ 3.  2.  0.]
 [ 4.  2.  0.]
 [ 5.  2.  0.]
 [ 6.  2.  0.]
 [ 7.  2.  0.]
 [ 8.  2.  0.]
 [ 0.  3.  0.]
 [ 1.  3.  0.]
 [ 2.  3.  0.]
 [ 3.  3.  0.]
 [ 4.  3.  0.]
 [ 5.  3.  0.]
 [ 6.  3.  0.]
 [ 7.  3.  0.]
 [ 8.  3.  0.]
 [ 0.  4.  0.]
 [ 1.  4.  0.]
 [ 2.  4.  0.]
 [ 3.  4.  0.]
 [ 4.  4.  0.]
 [ 5.  4.  0.]
 [ 6.  4.  0.]
 [ 7.  4.  0.]
 [ 8.  4.  0.]
 [ 0.  5.  0.]
 [ 1.  5.  0.]
 [ 2.  5.  0.]
 [ 3.  5.  0.]
 [ 4.  5.  0.]
 [ 5.  5.  0.]
 [ 6.  5.  0.]
 [ 7.  5.  0.]
 [ 8.  5.  0.]]","[[[ 710.16033936  216.4934845 ]]

 [[ 752.68963623  220.50062561]]

 [[ 791.7744751   224.12162781]]

 [[ 828.68286133  227.71450806]]

 [[ 863.09954834  231.33512878]]

 [[ 895.19213867  234.44940186]]

 [[ 924.91137695  238.00427246]]

 [[ 953.19274902  241.31575012]]

 [[ 979.48614502  244.3011322 ]]

 [[ 710.61395264  274.65390015]]

 [[ 752.92071533  276.65155029]]

 [[ 793.05474854  278.49923706]]

 [[ 830.55462646  280.48562622]]

 [[ 864.1071167   282.41345215]]

 [[ 895.42248535  284.43615723]]

 [[ 924.8626709   286.19940186]]

 [[ 953.07922363  288.05154419]]

 [[ 979.76367188  289.67114258]]

 [[ 712.31243896  332.70083618]]

 [[ 754.425354    333.03814697]]

 [[ 793.71539307  333.27218628]]

 [[ 831.01019287  333.33233643]]

 [[ 864.53167725  333.64178467]]

 [[ 895.26318359  334.02716064]]

 [[ 925.36791992  334.33291626]]

 [[ 953.6295166   334.59051514]]

 [[ 981.06518555  335.06402588]]

 [[ 711.5958252   391.49047852]]

 [[ 753.60144043  389.84344482]]

 [[ 793.43060303  388.29223633]]

 [[ 830.93981934  386.82321167]]

 [[ 865.40411377  385.51290894]]

 [[ 895.79174805  384.17614746]]

 [[ 925.62286377  382.89047241]]

 [[ 953.98461914  381.99102783]]

 [[ 981.3604126   380.89224243]]

 [[ 712.12615967  449.55755615]]

 [[ 754.30126953  446.13381958]]

 [[ 792.92071533  442.62164307]]

 [[ 830.17779541  439.48678589]]

 [[ 865.28533936  436.58691406]]

 [[ 896.13757324  433.69442749]]

 [[ 925.425354    431.2024231 ]]

 [[ 953.4720459   428.50442505]]

 [[ 980.66448975  426.23516846]]

 [[ 713.28515625  507.36257935]]

 [[ 754.35870361  501.82971191]]

 [[ 792.44036865  496.68331909]]

 [[ 829.01049805  491.93832397]]

 [[ 864.45532227  487.51416016]]

 [[ 895.53820801  483.16577148]]

 [[ 925.25384521  478.89724731]]

 [[ 953.47363281  475.17532349]]

 [[ 980.53039551  471.47741699]]]"
12,"[[ 0.  0.  0.]
 [ 1.  0.  0.]
 [ 2.  0.  0.]
 [ 3.  0.  0.]
 [ 4.  0.  0.]
 [ 5.  0.  0.]
 [ 6.  0.  0.]
 [ 7.  0.  0.]
 [ 8.  0.  0.]
 [ 0.  1.  0.]
 [ 1.  1.  0.]
 [ 2.  1.  0.]
 [ 3.  1.  0.]
 [ 4.  1.  0.]
 [ 5.  1.  0.]
 [ 6.  1.  0.]
 [ 7.  1.  0.]
 [ 8.  1.  0.]
 [ 0.  2.  0.]
 [ 1.  2.  0.]
 [ 2.  2.  0.]
 [ 3.  2.  0.]
 [ 4.  2.  0.]
 [ 5.  2.  0.]
 [ 6.  2.  0.]
 [ 7.  2.  0.]
 [ 8.  2.  0.]
 [ 0.  3.  0.]
 [ 1.  3.  0.]
 [ 2.  3.  0.]
 [ 3.  3.  0.]
 [ 4.  3.  0.]
 [ 5.  3.  0.]
 [ 6.  3.  0.]
 [ 7.  3.  0.]
 [ 8.  3.  0.]
 [ 0.  4.  0.]
 [ 1.  4.  0.]
 [ 2.  4.  0.]
 [ 3.  4.  0.]
 [ 4.  4.  0.]
 [ 5.  4.  0.]
 [ 6.  4.  0.]
 [ 7.  4.  0.]
 [ 8.  4.  0.]
 [ 0.  5.  0.]
 [ 1.  5.  0.]
 [ 2.  5.  0.]
 [ 3.  5.  0.]
 [ 4.  5.  0.]
 [ 5.  5.  0.]
 [ 6.  5.  0.]
 [ 7.  5.  0.]
 [ 8.  5.  0.]]","[[[ 331.48556519  271.75790405]]

 [[ 352.39978027  269.6607666 ]]

 [[ 374.80142212  267.5579834 ]]

 [[ 398.35177612  265.5506897 ]]

 [[ 422.7460022   263.21960449]]

 [[ 448.52590942  261.14767456]]

 [[ 476.34542847  258.85968018]]

 [[ 504.69476318  256.48294067]]

 [[ 534.55682373  254.31069946]]

 [[ 331.17211914  306.6723938 ]]

 [[ 352.2623291   305.49575806]]

 [[ 373.73678589  304.07562256]]

 [[ 397.26168823  302.78991699]]

 [[ 422.29278564  301.44403076]]

 [[ 448.63397217  299.94638062]]

 [[ 476.40536499  298.63479614]]

 [[ 504.74972534  297.2935791 ]]

 [[ 534.61572266  295.90887451]]

 [[ 330.3739624   341.59280396]]

 [[ 351.2869873   341.09951782]]

 [[ 373.63061523  340.53030396]]

 [[ 397.04928589  339.94055176]]

 [[ 422.06298828  339.53121948]]

 [[ 449.00045776  338.96707153]]

 [[ 476.42889404  338.46044922]]

 [[ 504.64651489  338.11477661]]

 [[ 533.77752686  337.53018188]]

 [[ 330.85726929  376.61965942]]

 [[ 352.0458374   377.01113892]]

 [[ 374.03872681  377.22363281]]

 [[ 397.14248657  377.59146118]]

 [[ 421.5647583   377.80014038]]

 [[ 448.51504517  378.38986206]]

 [[ 476.14086914  378.59606934]]

 [[ 504.52737427  379.20529175]]

 [[ 533.61999512  379.55526733]]

 [[ 330.86959839  411.61495972]]

 [[ 352.18917847  412.56481934]]

 [[ 374.64575195  413.68453979]]

 [[ 397.7315979   414.84552002]]

 [[ 421.75164795  416.04794312]]

 [[ 448.46200562  417.29727173]]

 [[ 476.47167969  418.46606445]]

 [[ 504.61660767  419.76394653]]

 [[ 534.140625    421.36380005]]

 [[ 330.68426514  446.52539062]]

 [[ 352.34655762  448.34570312]]

 [[ 375.41635132  450.18972778]]

 [[ 398.68676758  452.20425415]]

 [[ 422.46405029  454.00106812]]

 [[ 448.93704224  456.06182861]]

 [[ 476.4888916   458.37228394]]

 [[ 504.61196899  460.54922485]]

 [[ 533.96386719  462.96157837]]]"
13,"[[ 0.  0.  0.]
 [ 1.  0.  0.]
 [ 2.  0.  0.]
 [ 3.  0.  0.]
 [ 4.  0.  0.]
 [ 5.  0.  0.]
 [ 6.  0.  0.]
 [ 7.  0.  0.]
 [ 8.  0.  0.]
 [ 0.  1.  0.]
 [ 1.  1.  0.]
 [ 2.  1.  0.]
 [ 3.  1.  0.]
 [ 4.  1.  0.]
 [ 5.  1.  0.]
 [ 6.  1.  0.]
 [ 7.  1.  0.]
 [ 8.  1.  0.]
 [ 0.  2.  0.]
 [ 1.  2.  0.]
 [ 2.  2.  0.]
 [ 3.  2.  0.]
 [ 4.  2.  0.]
 [ 5.  2.  0.]
 [ 6.  2.  0.]
 [ 7.  2.  0.]
 [ 8.  2.  0.]
 [ 0.  3.  0.]
 [ 1.  3.  0.]
 [ 2.  3.  0.]
 [ 3.  3.  0.]
 [ 4.  3.  0.]
 [ 5.  3.  0.]
 [ 6.  3.  0.]
 [ 7.  3.  0.]
 [ 8.  3.  0.]
 [ 0.  4.  0.]
 [ 1.  4.  0.]
 [ 2.  4.  0.]
 [ 3.  4.  0.]
 [ 4.  4.  0.]
 [ 5.  4.  0.]
 [ 6.  4.  0.]
 [ 7.  4.  0.]
 [ 8.  4.  0.]
 [ 0.  5.  0.]
 [ 1.  5.  0.]
 [ 2.  5.  0.]
 [ 3.  5.  0.]
 [ 4.  5.  0.]
 [ 5.  5.  0.]
 [ 6.  5.  0.]
 [ 7.  5.  0.]
 [ 8.  5.  0.]]","[[[  99.22319794  269.60043335]]

 [[ 119.55948639  268.01455688]]

 [[ 140.10562134  266.09640503]]

 [[ 161.32537842  264.46206665]]

 [[ 183.27304077  262.50640869]]

 [[ 206.09098816  260.30386353]]

 [[ 230.66191101  258.20678711]]

 [[ 256.18832397  256.33599854]]

 [[ 282.2003479   254.34809875]]

 [[ 100.64093781  303.31674194]]

 [[ 119.97882843  301.88937378]]

 [[ 139.44282532  300.53918457]]

 [[ 160.4808197   299.51983643]]

 [[ 181.76586914  298.32415771]]

 [[ 206.11979675  296.93075562]]

 [[ 231.07981873  295.81002808]]

 [[ 256.54135132  294.62661743]]

 [[ 282.715271    293.25354004]]

 [[ 100.58176422  336.47460938]]

 [[ 119.23699951  335.98181152]]

 [[ 139.12606812  335.36663818]]

 [[ 159.70048523  334.86010742]]

 [[ 181.78625488  334.33605957]]

 [[ 206.154953    333.67700195]]

 [[ 230.81611633  333.36715698]]

 [[ 257.03173828  332.69229126]]

 [[ 283.22860718  332.28973389]]

 [[ 100.8146286   370.13137817]]

 [[ 119.74887848  370.21905518]]

 [[ 139.27815247  370.39916992]]

 [[ 160.18522644  370.4234314 ]]

 [[ 181.95300293  370.55487061]]

 [[ 205.8270874   370.68228149]]

 [[ 230.81843567  371.02371216]]

 [[ 257.33639526  371.26376343]]

 [[ 283.50265503  371.52716064]]

 [[ 101.23542023  403.49908447]]

 [[ 120.75894928  404.17532349]]

 [[ 140.01957703  405.0619812 ]]

 [[ 160.12014771  405.78143311]]

 [[ 182.56417847  406.77871704]]

 [[ 206.59101868  407.51068115]]

 [[ 232.0022583   408.44989014]]

 [[ 258.06289673  409.33624268]]

 [[ 284.4755249   410.43920898]]

 [[ 103.09403229  436.66207886]]

 [[ 121.57572937  437.9473877 ]]

 [[ 140.42315674  439.47607422]]

 [[ 161.24588013  440.83706665]]

 [[ 183.47267151  442.67852783]]

 [[ 207.68965149  443.89578247]]

 [[ 233.10458374  445.57336426]]

 [[ 259.15530396  447.41766357]]

 [[ 285.25552368  449.16259766]]]"
14,"[[ 0.  0.  0.]
 [ 1.  0.  0.]
 [ 2.  0.  0.]
 [ 3.  0.  0.]
 [ 4.  0.  0.]
 [ 5.  0.  0.]
 [ 6.  0.  0.]
 [ 7.  0.  0.]
 [ 8.  0.  0.]
 [ 0.  1.  0.]
 [ 1.  1.  0.]
 [ 2.  1.  0.]
 [ 3.  1.  0.]
 [ 4.  1.  0.]
 [ 5.  1.  0.]
 [ 6.  1.  0.]
 [ 7.  1.  0.]
 [ 8.  1.  0.]
 [ 0.  2.  0.]
 [ 1.  2.  0.]
 [ 2.  2.  0.]
 [ 3.  2.  0.]
 [ 4.  2.  0.]
 [ 5.  2.  0.]
 [ 6.  2.  0.]
 [ 7.  2.  0.]
 [ 8.  2.  0.]
 [ 0.  3.  0.]
 [ 1.  3.  0.]
 [ 2.  3.  0.]
 [ 3.  3.  0.]
 [ 4.  3.  0.]
 [ 5.  3.  0.]
 [ 6.  3.  0.]
 [ 7.  3.  0.]
 [ 8.  3.  0.]
 [ 0.  4.  0.]
 [ 1.  4.  0.]
 [ 2.  4.  0.]
 [ 3.  4.  0.]
 [ 4.  4.  0.]
 [ 5.  4.  0.]
 [ 6.  4.  0.]
 [ 7.  4.  0.]
 [ 8.  4.  0.]
 [ 0.  5.  0.]
 [ 1.  5.  0.]
 [ 2.  5.  0.]
 [ 3.  5.  0.]
 [ 4.  5.  0.]
 [ 5.  5.  0.]
 [ 6.  5.  0.]
 [ 7.  5.  0.]
 [ 8.  5.  0.]]","[[[  946.94329834   101.64019775]]

 [[  987.07818604   106.00196075]]

 [[ 1025.86791992   110.10657501]]

 [[ 1063.03955078   114.08200836]]

 [[ 1097.62683105   117.92676544]]

 [[ 1131.15710449   121.81401062]]

 [[ 1161.51879883   125.72403717]]

 [[ 1190.6706543    129.59405518]]

 [[ 1218.66516113   132.80731201]]

 [[  948.42529297   157.33161926]]

 [[  990.07873535   159.73963928]]

 [[ 1030.10058594   162.38238525]]

 [[ 1067.6854248    165.08720398]]

 [[ 1102.85461426   167.53907776]]

 [[ 1134.29748535   170.31976318]]

 [[ 1164.56542969   173.13917542]]

 [[ 1192.92028809   175.8167572 ]]

 [[ 1220.98193359   178.42990112]]

 [[  951.56903076   213.19436646]]

 [[  994.12969971   214.15126038]]

 [[ 1033.53735352   215.34162903]]

 [[ 1071.79101562   216.37992859]]

 [[ 1106.25610352   217.77861023]]

 [[ 1137.04431152   219.45776367]]

 [[ 1167.4909668    220.76025391]]

 [[ 1195.36975098   222.30758667]]

 [[ 1223.00048828   223.69943237]]

 [[  954.61016846   269.82901001]]

 [[  996.84350586   269.3666687 ]]

 [[ 1036.63330078   269.01425171]]

 [[ 1074.46899414   268.64581299]]

 [[ 1109.13232422   268.77630615]]

 [[ 1140.47290039   268.91104126]]

 [[ 1170.30603027   269.1076355 ]]

 [[ 1197.44995117   269.44622803]]

 [[ 1225.09057617   269.55908203]]

 [[  957.32391357   326.12939453]]

 [[  998.54852295   324.22494507]]

 [[ 1038.94396973   322.43988037]]

 [[ 1076.84667969   320.91625977]]

 [[ 1111.26123047   319.52664185]]

 [[ 1142.30114746   318.40002441]]

 [[ 1171.52270508   317.32901001]]

 [[ 1198.76208496   316.03198242]]

 [[ 1226.46362305   315.27737427]]

 [[  962.           379.        ]]

 [[ 1000.65020752   379.09259033]]

 [[ 1041.34020996   375.99951172]]

 [[ 1078.0213623    372.96575928]]

 [[ 1112.75854492   370.32489014]]

 [[ 1143.24304199   367.57867432]]

 [[ 1172.6583252    365.14559937]]

 [[ 1199.98071289   363.0050354 ]]

 [[ 1227.48266602   360.58709717]]]"
15,"[[ 0.  0.  0.]
 [ 1.  0.  0.]
 [ 2.  0.  0.]
 [ 3.  0.  0.]
 [ 4.  0.  0.]
 [ 5.  0.  0.]
 [ 6.  0.  0.]
 [ 7.  0.  0.]
 [ 8.  0.  0.]
 [ 0.  1.  0.]
 [ 1.  1.  0.]
 [ 2.  1.  0.]
 [ 3.  1.  0.]
 [ 4.  1.  0.]
 [ 5.  1.  0.]
 [ 6.  1.  0.]
 [ 7.  1.  0.]
 [ 8.  1.  0.]
 [ 0.  2.  0.]
 [ 1.  2.  0.]
 [ 2.  2.  0.]
 [ 3.  2.  0.]
 [ 4.  2.  0.]
 [ 5.  2.  0.]
 [ 6.  2.  0.]
 [ 7.  2.  0.]
 [ 8.  2.  0.]
 [ 0.  3.  0.]
 [ 1.  3.  0.]
 [ 2.  3.  0.]
 [ 3.  3.  0.]
 [ 4.  3.  0.]
 [ 5.  3.  0.]
 [ 6.  3.  0.]
 [ 7.  3.  0.]
 [ 8.  3.  0.]
 [ 0.  4.  0.]
 [ 1.  4.  0.]
 [ 2.  4.  0.]
 [ 3.  4.  0.]
 [ 4.  4.  0.]
 [ 5.  4.  0.]
 [ 6.  4.  0.]
 [ 7.  4.  0.]
 [ 8.  4.  0.]
 [ 0.  5.  0.]
 [ 1.  5.  0.]
 [ 2.  5.  0.]
 [ 3.  5.  0.]
 [ 4.  5.  0.]
 [ 5.  5.  0.]
 [ 6.  5.  0.]
 [ 7.  5.  0.]
 [ 8.  5.  0.]]","[[[  150.56039429   168.37101746]]

 [[  278.31832886   165.41822815]]

 [[  412.94317627   163.45187378]]

 [[  553.00756836   162.57518005]]

 [[  693.15393066   164.15841675]]

 [[  830.63519287   166.93460083]]

 [[  963.53704834   170.36103821]]

 [[ 1088.63781738   176.06378174]]

 [[ 1204.4798584    182.3565979 ]]

 [[  175.49740601   283.39630127]]

 [[  296.93017578   282.52218628]]

 [[  423.62765503   283.1809082 ]]

 [[  555.61584473   283.83862305]]

 [[  687.56958008   284.35650635]]

 [[  817.07202148   284.55578613]]

 [[  942.57818604   284.45935059]]

 [[ 1061.34008789   286.90505981]]

 [[ 1172.83374023   290.18276978]]

 [[  199.41748047   386.11114502]]

 [[  314.44824219   387.51721191]]

 [[  434.52560425   388.2973938 ]]

 [[  558.559021     389.72143555]]

 [[  682.56884766   390.5050354 ]]

 [[  804.49017334   387.84567261]]

 [[  923.20593262   386.93484497]]

 [[ 1035.88623047   386.97396851]]

 [[ 1143.05895996   389.01480103]]

 [[  223.23756409   477.24636841]]

 [[  332.51876831   478.70306396]]

 [[  445.36602783   480.71368408]]

 [[  561.63494873   482.82928467]]

 [[  678.21130371   483.94076538]]

 [[  792.76586914   481.43405151]]

 [[  904.86474609   479.14801025]]

 [[ 1011.95751953   477.47366333]]

 [[ 1113.99694824   477.23831177]]

 [[  244.80751038   559.08862305]]

 [[  348.36657715   561.56066895]]

 [[  455.38412476   562.59484863]]

 [[  564.68774414   563.46380615]]

 [[  674.0425415    565.40917969]]

 [[  781.83197021   562.54846191]]

 [[  887.76422119   559.07458496]]

 [[  989.39874268   556.51287842]]

 [[ 1086.78417969   554.88751221]]

 [[  265.06283569   632.23968506]]

 [[  363.61904907   633.56066895]]

 [[  464.51638794   633.53833008]]

 [[  567.43475342   634.26446533]]

 [[  670.23699951   635.74884033]]

 [[  771.87542725   633.34954834]]

 [[  872.37609863   630.08898926]]

 [[  968.66430664   627.402771  ]]

 [[ 1061.51965332   624.60467529]]]"
16,"[[ 0.  0.  0.]
 [ 1.  0.  0.]
 [ 2.  0.  0.]
 [ 3.  0.  0.]
 [ 4.  0.  0.]
 [ 5.  0.  0.]
 [ 6.  0.  0.]
 [ 7.  0.  0.]
 [ 8.  0.  0.]
 [ 0.  1.  0.]
 [ 1.  1.  0.]
 [ 2.  1.  0.]
 [ 3.  1.  0.]
 [ 4.  1.  0.]
 [ 5.  1.  0.]
 [ 6.  1.  0.]
 [ 7.  1.  0.]
 [ 8.  1.  0.]
 [ 0.  2.  0.]
 [ 1.  2.  0.]
 [ 2.  2.  0.]
 [ 3.  2.  0.]
 [ 4.  2.  0.]
 [ 5.  2.  0.]
 [ 6.  2.  0.]
 [ 7.  2.  0.]
 [ 8.  2.  0.]
 [ 0.  3.  0.]
 [ 1.  3.  0.]
 [ 2.  3.  0.]
 [ 3.  3.  0.]
 [ 4.  3.  0.]
 [ 5.  3.  0.]
 [ 6.  3.  0.]
 [ 7.  3.  0.]
 [ 8.  3.  0.]
 [ 0.  4.  0.]
 [ 1.  4.  0.]
 [ 2.  4.  0.]
 [ 3.  4.  0.]
 [ 4.  4.  0.]
 [ 5.  4.  0.]
 [ 6.  4.  0.]
 [ 7.  4.  0.]
 [ 8.  4.  0.]
 [ 0.  5.  0.]
 [ 1.  5.  0.]
 [ 2.  5.  0.]
 [ 3.  5.  0.]
 [ 4.  5.  0.]
 [ 5.  5.  0.]
 [ 6.  5.  0.]
 [ 7.  5.  0.]
 [ 8.  5.  0.]]","[[[ 409.42514038  319.69671631]]

 [[ 436.44406128  297.737854  ]]

 [[ 463.31091309  275.11355591]]

 [[ 491.26928711  251.10961914]]

 [[ 520.21838379  226.61155701]]

 [[ 550.37347412  200.48728943]]

 [[ 583.04199219  174.07583618]]

 [[ 616.68518066  146.42118835]]

 [[ 651.26647949  117.37528229]]

 [[ 418.47454834  356.79891968]]

 [[ 444.41616821  334.95120239]]

 [[ 470.54510498  312.53121948]]

 [[ 498.83261108  288.47723389]]

 [[ 528.36157227  263.78012085]]

 [[ 560.72613525  238.72480774]]

 [[ 594.76635742  212.38763428]]

 [[ 629.5869751   185.19483948]]

 [[ 665.34136963  156.60545349]]

 [[ 425.80883789  394.41110229]]

 [[ 451.45663452  373.03170776]]

 [[ 478.55374146  350.78952026]]

 [[ 507.34893799  327.47808838]]

 [[ 537.96466064  303.06237793]]

 [[ 571.91003418  278.34689331]]

 [[ 606.5067749   252.40270996]]

 [[ 642.97387695  225.3208313 ]]

 [[ 679.44439697  197.28187561]]

 [[ 433.76281738  433.47955322]]

 [[ 460.36749268  412.59329224]]

 [[ 487.46438599  391.21472168]]

 [[ 516.984375    367.97338867]]

 [[ 548.46081543  344.35403442]]

 [[ 582.67181396  319.68487549]]

 [[ 618.64807129  294.29959106]]

 [[ 656.57421875  267.94302368]]

 [[ 694.59552002  240.04537964]]

 [[ 441.9692688   473.62280273]]

 [[ 469.67333984  453.61407471]]

 [[ 497.31228638  432.59014893]]

 [[ 527.00213623  409.9777832 ]]

 [[ 559.50787354  386.93429565]]

 [[ 594.54760742  363.23120117]]

 [[ 632.07843018  338.31533813]]

 [[ 671.06689453  312.01116943]]

 [[ 709.9420166   284.45797729]]

 [[ 452.04037476  515.33673096]]

 [[ 479.25289917  495.65289307]]

 [[ 506.5385437   475.34576416]]

 [[ 538.25219727  453.62194824]]

 [[ 571.38171387  431.33587646]]

 [[ 607.89685059  408.29827881]]

 [[ 646.2723999   383.57791138]]

 [[ 686.01165771  358.23309326]]

 [[ 726.45666504  330.76187134]]]"
